{"cameraMode":{"drawMode":0,"name":"Shaded","section":"Shading Mode"},"sceneLighting":true,"audioPlay":false,"sceneViewState":{"showFog":true,"showMaterialUpdate":true,"showSkybox":true,"showFlares":true,"showImageEffects":true,"showParticleSystems":true,"showVisualEffectGraphs":true,"m_FxEnabled":true},"in2DMode":false,"pivot":{"x":0.0803234800696373,"y":0.6668211221694946,"z":1.4443943500518799},"rotation":{"x":0.10063721239566803,"y":0.007770277094095945,"z":-0.0007905863458290696,"w":0.994901716709137},"size":1.3948907852172852,"orthographic":false}